ImageName,Year,TreeCC_Initials,Collector_Initials,Site,Habitat,Box,Heading,Pixel rep,Area,Mean,StdDev,Min,Max,Tree_CC,Notes_NVC,Notes_JMD,Notes_NVC_JMD,
20200714_090028_T05C_S,2020,JMD,,T05,T,C,S,Sky,7990272,212.501,95.032,0,255,0.166662745,,"Seems very high to me, but calculation is right.","calculated using the inverted mean/SD, the CC cover has been adjusted by {1-(mean/total)} an so reflects true CC",
20200714_090238_T05C_W,2020,JMD,,T05,T,C,W,Sky,7990272,191.326,110.374,0,255,0.249701961,,,"calculated using the inverted mean/SD, the CC cover has been adjusted by {1-(mean/total)} an so reflects true CC",
20200714_090519_T05C_E,2020,JMD,,T05,T,C,E,Sky,7990272,184.734,113.932,0,255,0.275552941,,,"calculated using the inverted mean/SD, the CC cover has been adjusted by {1-(mean/total)} an so reflects true CC",
20200714_090726_T05C_N,2020,JMD,,T05,T,C,N,Sky,7990272,184.066,114.265,0,255,0.278172549,,,"calculated using the inverted mean/SD, the CC cover has been adjusted by {1-(mean/total)} an so reflects true CC",
20200714_100757_T05B_N,2020,JMD,,T05,T,B,N,Sky,7990272,134.332,127.317,0,255,0.473207843,"So, used the black/white divider in the histogram to set the threshold (187, 255)",,"calculated using the inverted mean/SD, the CC cover has been adjusted by {1-(mean/total)} an so reflects true CC",
20200714_101217_T05B_E,2020,JMD,,T05,T,B,E,Sky,7990272,153.161,124.891,0,255,0.399368627,,,"calculated using the inverted mean/SD, the CC cover has been adjusted by {1-(mean/total)} an so reflects true CC",
20200714_101430_T05B_S,2020,JMD,,T05,T,B,S,Sky,7990272,147.255,125.96,0,255,0.422529412,"Threshold: 129, 255",,"calculated using the inverted mean/SD, the CC cover has been adjusted by {1-(mean/total)} an so reflects true CC",
20200714_101553_T05B_W,2020,JMD,,T05,T,B,W,Sky,7990272,148.03,125.836,0,255,0.419490196,"123, 255 - also despeckled this image",,"calculated using the inverted mean/SD, the CC cover has been adjusted by {1-(mean/total)} an so reflects true CC",
20200714_111720_T05A_N,2020,JMD,,T05,T,A,N,Sky,7990272,205.082,101.179,0,255,0.195756863,,,"calculated using the inverted mean/SD, the CC cover has been adjusted by {1-(mean/total)} an so reflects true CC",
20200714_111843_T05A_E,2020,JMD,,T05,T,A,E,Sky,7990272,182.301,115.122,0,255,0.285094118,,,"calculated using the inverted mean/SD, the CC cover has been adjusted by {1-(mean/total)} an so reflects true CC",
20200714_112036_T05A_S,2020,JMD,,T05,T,A,S,Sky,7990272,189.195,111.579,0,255,0.258058824,,,"calculated using the inverted mean/SD, the CC cover has been adjusted by {1-(mean/total)} an so reflects true CC",
20200714_112238_T05A_W,2020,JMD,,T05,T,A,W,Sky,7990272,199.871,104.97,0,255,0.216192157,,,"calculated using the inverted mean/SD, the CC cover has been adjusted by {1-(mean/total)} an so reflects true CC",
20200714_120621_T05D_N,2020,JMD,,T05,T,D,N,Sky,7990272,83.232,119.568,0,255,0.6736,,,"calculated using the inverted mean/SD, the CC cover has been adjusted by {1-(mean/total)} an so reflects true CC",
20200714_120812_T05D_E,2020,JMD,,T05,T,D,E,Sky,7990272,116.951,127.063,0,255,0.541368627,,,"calculated using the inverted mean/SD, the CC cover has been adjusted by {1-(mean/total)} an so reflects true CC",
20200714_121007_T05D_S,2020,JMD,,T05,T,D,S,Sky,7990272,116.61,127.034,0,255,0.542705882,,,"calculated using the inverted mean/SD, the CC cover has been adjusted by {1-(mean/total)} an so reflects true CC",
20200714_121211_T05D_W,2020,JMD,,T05,T,D,W,Sky,7990272,123.548,127.439,0,255,0.515498039,,,"calculated using the inverted mean/SD, the CC cover has been adjusted by {1-(mean/total)} an so reflects true CC",
20200716_084346_C03C_N,2020,JMD,,C03,C,C,N,Sky,7990272,222.376,85.175,0,255,0.127937255,,"Seems very high to me, but calculation is right.",,
20200716_084605_C03C_E,2020,JMD,,C03,C,C,E,Sky,7990272,253.55,19.174,0,255,0.005686275,,Definitely too high. There's hardly any pixels,calculated using mean/SD and CC ,
20200716_084809_C03C_W,2020,JMD,,C03,C,C,W,Sky,7990272,236.946,65.405,0,255,0.0708,,,calculated using mean/SD and CC ,
20200716_100452_C03A_N,2020,JMD,,C03,C,A,N,Sky,7990272,144.219,126.399,0,255,0.434435294,,,"calculated using the inverted mean/SD, the CC cover has been adjusted by {1-(mean/total)} an so reflects true CC",
20200716_100633_C03A_E,2020,JMD,,C03,C,A,E,Sky,7990272,147.59,125.907,0,255,0.421215686,,,"calculated using the inverted mean/SD, the CC cover has been adjusted by {1-(mean/total)} an so reflects true CC",
20200716_100926_C03A_S,2020,NVC,,C03,C,A,S,Sky,7990272,156.996,124.041,0,255,0.384329412,,,"calculated using the inverted mean/SD, the CC cover has been adjusted by {1-(mean/total)} an so reflects true CC",
20200716_101122_C03A_W,2020,NVC,,C03,C,A,W,Sky,7990272,139.617,126.923,0,255,0.452482353,,,"calculated using the inverted mean/SD, the CC cover has been adjusted by {1-(mean/total)} an so reflects true CC",
20200716_105353_C03D_N,2020,NVC,,C03,C,D,N,Tree,7990272,130.642,127.461,0,255,0.512321569,,,calculated: mean/max,
20200716_105517_C03D_E,2020,NVC,,C03,C,D,E,Tree,7990272,135.141,127.271,0,255,0.529964706,,,calculated: mean/max,
20200716_105707_C03D_S,2020,NVC,,C03,C,D,S,Tree,7990272,136.578,127.176,0,255,0.5356,,,calculated: mean/max,
20200716_105824_C03D_W,2020,NVC,,C03,C,D,W,Tree,7990272,115.962,126.977,0,255,0.454752941,,,calculated: mean/max,
20200716_112846_C03B_N,2020,NVC,,C03,C,B,N,Sky,7990272,159.928,123.307,0,255,0.372831373,,,"calculated using the inverted mean/SD, the CC cover has been adjusted by {1-(mean/total)} an so reflects true CC",
20200716_112917_C03B_E,2020,NVC,,C03,C,B,E,Sky,7990272,164.268,122.084,0,255,0.355811765,,,"calculated using the inverted mean/SD, the CC cover has been adjusted by {1-(mean/total)} an so reflects true CC",
20200716_113056_C03B_S,2020,NVC,,C03,C,B,S,Sky,7990272,151.705,125.181,0,255,0.405078431,,,"calculated using the inverted mean/SD, the CC cover has been adjusted by {1-(mean/total)} an so reflects true CC",
20200716_113133_C03B_W,2020,NVC,,C03,C,B,W,Sky,7990272,149.04,125.667,0,255,0.415529412,,,"calculated using the inverted mean/SD, the CC cover has been adjusted by {1-(mean/total)} an so reflects true CC",
20200716_140603_T02B_N,2020,NVC,,T02,T,B,N,Sky,7990272,196.196,107.411,0,255,0.230603922,,,"calculated using the inverted mean/SD, the CC cover has been adjusted by {1-(mean/total)} an so reflects true CC",
20200716_140647_T02B_E,2020,NVC,,T02,T,B,E,Sky,7990272,205.639,100.75,0,255,0.193572549,,,"calculated using the inverted mean/SD, the CC cover has been adjusted by {1-(mean/total)} an so reflects true CC",
20200716_140745_T02B_S,2020,NVC,,T02,T,B,S,Sky,7990272,214.263,93.426,0,255,0.159752941,,,"calculated using the inverted mean/SD, the CC cover has been adjusted by {1-(mean/total)} an so reflects true CC",
20200716_140848_T02B_W,2020,NVC,,T02,T,B,W,Sky,7990272,234.702,69.022,0,255,0.0796,,,"calculated using the inverted mean/SD, the CC cover has been adjusted by {1-(mean/total)} an so reflects true CC",
20200716_145939_T02C_N,2020,NVC,,T02,T,C,N,Tree,7990272,107.162,125.868,0,255,0.420243137,,,calculated: mean/max,
20200716_150133_T02C_E,2020,NVC,,T02,T,C,E,Tree,7990272,92.276,122.538,0,255,0.361866667,,,calculated: mean/max,
20200716_150239_T02C_S,2020,NVC,,T02,T,C,S,Tree,7990272,134.527,127.306,0,255,0.527556863,,,calculated: mean/max,
20200716_150518_T02C_W,2020,NVC,,T02,T,C,W,Tree,7990272,96.571,123.692,0,255,0.378709804,,,calculated: mean/max,
20200716_153501_T02A_N,2020,NVC,,T02,T,A,N,Sky,7990272,107.302,125.89,0,255,0.579207843,,,"calculated using the inverted mean/SD, the CC cover has been adjusted by {1-(mean/total)} an so reflects true CC",
20200716_153552_T02A_E,2020,NVC,,T02,T,A,E,Sky,7990272,93.465,122.873,0,255,0.633470588,,,"calculated using the inverted mean/SD, the CC cover has been adjusted by {1-(mean/total)} an so reflects true CC",
20200716_153720_T02A_S,2020,NVC,,T02,T,A,S,Sky,7990272,85.225,120.288,0,255,0.665784314,,,"calculated using the inverted mean/SD, the CC cover has been adjusted by {1-(mean/total)} an so reflects true CC",
20200716_153807_T02A_W,2020,NVC,,T02,T,A,W,Sky,7990272,95.581,123.44,0,255,0.625172549,,,"calculated using the inverted mean/SD, the CC cover has been adjusted by {1-(mean/total)} an so reflects true CC",
20200716_162216_T02D_N,2020,NVC,,T02,T,D,N,Tree,7990272,114.506,126.836,0,255,0.449043137,,,calculated: mean/max,
20200716_162245_T02D_E,2020,NVC,,T02,T,D,E,Tree,7990272,123.78,127.446,0,255,0.485411765,,,calculated: mean/max,
20200716_162318_T02D_S,2020,NVC,,T02,T,D,S,Tree,7990272,126.508,127.496,0,255,0.496109804,,,calculated: mean/max,
20200716_162353_T02D_W,2020,NVC,,T02,T,D,W,Tree,7990272,121.69,127.368,0,255,0.477215686,,,calculated: mean/max,
20200719_123111_H06A_E,2020,JMD,,H06,H,A,E,Tree,7990272,0,0,0,255,0,no trees,,calculated: mean/max,
20200719_123140_H06A_S,2020,JMD,,H06,H,A,S,Tree,7990272,0,0,0,255,0,no trees,,calculated: mean/max,
20200719_123215_H06A_W,2020,JMD,,H06,H,A,W,Tree,7990272,0,0,0,255,0,no trees,,calculated: mean/max,
20200719_101927_H06B_E,2020,NVC,,H06,H,B,E,Tree,7990272,0,0,0,255,0,,no trees,calculated: mean/max,
20200719_101740_H06B_N,2020,JMD,,H06,H,B,N,Tree,7990272,0,0,0,255,0,no trees,,calculated: mean/max,
20200719_101955_H06B_S,2020,JMD,,H06,H,B,S,Sky,7990272,245.892,47.325,0,255,0.035717647,,,"calculated using the inverted mean/SD, the CC cover has been adjusted by {1-(mean/total)} an so reflects true CC",
20200719_102023_H06B_W,2020,NVC,,H06,H,B,W,Tree,7990272,0,0,0,255,0,,no trees,calculated: mean/max,
20200719_080052_H06C_E,2020,NVC,,H06,H,C,E,Tree,7990272,69.614,113.602,0,255,0.272996078,,,calculated: mean/max,
20200719_075841_H06C_N,2020,NVC,,H06,H,C,N,Tree,7990272,103.309,125.184,0,255,0.405133333,,,calculated: mean/max,
20200719_080514_H06C_S,2020,NVC,,H06,H,C,S,Tree,7990272,69.815,113.704,0,255,0.273784314,,,calculated: mean/max,
20200719_080558_H06C_W,2020,NVC,,H06,H,C,W,Tree,7990272,109.729,126.256,0,255,0.430309804,,,calculated: mean/max,
20200719_113908_H06D_E,2020,JMD,,H06,H,D,E,Sky,7990272,254.492,11.367,0,255,0.001992157,,,"calculated using the inverted mean/SD, the CC cover has been adjusted by {1-(mean/total)} an so reflects true CC",
20200719_113745_H06D_N,2020,JMD,,H06,H,D,N,Sky,7990272,254.496,11.328,0,255,0.001976471,,,"calculated using the inverted mean/SD, the CC cover has been adjusted by {1-(mean/total)} an so reflects true CC",
20200719_114002_H06D_S,2020,JMD,,H06,H,D,S,Sky,7990272,253.355,20.414,0,255,0.00645098,,,"calculated using the inverted mean/SD, the CC cover has been adjusted by {1-(mean/total)} an so reflects true CC",
20200719_114045_H06D_W,2020,JMD,,H06,H,D,W,Sky,7990272,252.898,23.057,0,255,0.008243137,small snags troubleshoot,,"calculated using the inverted mean/SD, the CC cover has been adjusted by {1-(mean/total)} an so reflects true CC",
20200719_141181_C05D_E,2020,NVC,,C05,C,D,E,Tree,7990272,100.231,124.55,0,255,0.393062745,,,calculated: mean/max,
20200719_141600_C05D_N,2020,NVC,,C05,C,D,N,Tree,7990272,126.385,127.495,0,255,0.495627451,,,calculated: mean/max,
20200719_143234_C05D_S,2020,NVC,,C05,C,D,S,Tree,7990272,85.485,120.379,0,255,0.335235294,,,calculated: mean/max,
20200719_143259_C05D_W,2020,NVC,,C05,C,D,W,Tree,7990272,89.725,121.776,0,255,0.351862745,,,calculated: mean/max,
20200719_153339_C05B_N,2020,NVC,,C05,C,B,N,Sky,7990272,165.616,121.669,0,255,0.35052549,,,"calculated using the inverted mean/SD, the CC cover has been adjusted by {1-(mean/total)} an so reflects true CC",
20200719_153416_C05B_E,2020,NVC,,C05,C,B,E,Sky,7990272,142.85,126.573,0,255,0.439803922,,,"calculated using the inverted mean/SD, the CC cover has been adjusted by {1-(mean/total)} an so reflects true CC",
20200719_153454_C05B_S,2020,NVC,,C05,C,B,S,Sky,7990272,161.328,122.931,0,255,0.367341176,,,"calculated using the inverted mean/SD, the CC cover has been adjusted by {1-(mean/total)} an so reflects true CC",
20200719_153526_C05B_W,2020,NVC,,C05,C,B,W,Sky,7990272,173.827,118.786,0,255,0.31832549,,,"calculated using the inverted mean/SD, the CC cover has been adjusted by {1-(mean/total)} an so reflects true CC",
20200719_155849_C05C_N,2020,NVC,,C05,C,C,N,Tree,7990272,76.287,116.762,0,255,0.299164706,,,calculated: mean/max,
20200719_160048_C05C_E,2020,NVC,,C05,C,C,E,Tree,7990272,80.673,118.59,0,255,0.316364706,,,calculated: mean/max,
20200719_160108_C05C_S,2020,NVC,,C05,C,C,S,Tree,7990272,68.43,112.991,0,255,0.268352941,,,calculated: mean/max,
20200719_160122_C05C_W,2020,NVC,,C05,C,C,W,Tree,7990272,59.439,107.814,0,255,0.233094118,,,calculated: mean/max,
20200719_163909_C05A_N,2020,NVC,,C05,C,A,N,Sky,7990272,137.082,127.139,0,255,0.462423529,,,"calculated using the inverted mean/SD, the CC cover has been adjusted by {1-(mean/total)} an so reflects true CC",
20200719_163934_C05A_E,2020,NVC,,C05,C,A,E,Sky,7990272,104.893,125.48,0,255,0.588654902,,,"calculated using the inverted mean/SD, the CC cover has been adjusted by {1-(mean/total)} an so reflects true CC",
20200719_164013_C05A_S,2020,NVC,,C05,C,A,S,Sky,7990272,153.047,124.914,0,255,0.399815686,,,"calculated using the inverted mean/SD, the CC cover has been adjusted by {1-(mean/total)} an so reflects true CC",
20200719_164037_C05A_W,2020,NVC,,C05,C,A,W,Sky,7990272,149.702,125.552,0,255,0.412933333,,,"calculated using the inverted mean/SD, the CC cover has been adjusted by {1-(mean/total)} an so reflects true CC",
20200725_081135_H03C_W,2020,NVC,,H03,H,C,W,Tree,7990272,6.858,41.251,0,255,0.026894118,,,calculated: mean/max,
20200725_081215_H03C_S,2020,NVC,,H03,H,C,S,Tree,7990272,81.706,118.992,0,255,0.320415686,,,calculated: mean/max,
20200725_081225_H03C_E,2020,NVC,,H03,H,C,E,Tree,7990272,45.29,97.457,0,255,0.177607843,,,calculated: mean/max,
20200725_081303_H03C_N,2020,NVC,,H03,H,C,N,Tree,7990272,14.743,59.515,0,255,0.057815686,,,calculated: mean/max,
20200725_100127_H03B_N,2020,NVC,,H03,H,B,N,Sky,7990272,254.124,14.924,0,255,0.003435294,,,calculated: 255-mean for tree mean. Tree CC = (max-mean)/max,
20200725_100155_H03B_E,2020,NVC,,H03,H,B,E,Sky,7990272,217.987,89.824,0,255,0.14514902,,,"calculated using the inverted mean/SD, the CC cover has been adjusted by {1-(mean/total)} an so reflects true CC",
20200725_100228_H03B_S,2020,JMD,,H03,H,B,S,Sky,7990272,253.867,16.961,0,255,0.004443137,,,"calculated using the inverted mean/SD, the CC cover has been adjusted by {1-(mean/total)} an so reflects true CC",
20200725_100254_H03B_W,2020,JMD,,H03,H,B,W,Sky,7990272,254.55,10.701,0,255,0.001764706,,,"calculated using the inverted mean/SD, the CC cover has been adjusted by {1-(mean/total)} an so reflects true CC",
20200725_110427_H03D_N,2020,NVC,,H03,H,D,N,Tree,7990272,0,0,0,255,0,,no trees,calculated: mean/max,
20200725_110455_H03D_E,2020,NVC,,H03,H,D,E,Tree,7990272,0,0,0,255,0,,no trees,calculated: mean/max,
20200725_110546_H03D_S,2020,NVC,,H03,H,D,S,Tree,7990272,0,0,0,255,0,,no trees,calculated: mean/max,
20200725_110610_H03D_W,2020,NVC,,H03,H,D,W,Tree,7990272,0,0,0,255,0,,no trees,calculated: mean/max,
20200725_120220_H03A_N,2020,JMD,,H03,H,A,N,Tree,7990272,0,0,0,255,0,no trees,,calculated: mean/max,
20200725_120240_H03A_E,2020,JMD,,H03,H,A,E,Tree,7990272,0,0,0,255,0,no trees,,calculated: mean/max,
20200725_120315_H03A_S,2020,JMD,,H03,H,A,S,Tree,7990272,0,0,0,255,0,no trees,,calculated: mean/max,
20200725_120333_H03A_W,2020,NVC,,H03,H,A,W,Sky,7990272,245.416,48.497,0,255,0.037584314,,,"calculated using the inverted mean/SD, the CC cover has been adjusted by {1-(mean/total)} an so reflects true CC",
20200725_134909_T08A_N,2020,NVC,,T08,T,A,N,Sky,7990272,243.149,53.681,0,255,0.04647451,,,"calculated using the inverted mean/SD, the CC cover has been adjusted by {1-(mean/total)} an so reflects true CC",
20200725_134941_T08A_E,2020,NVC,,T08,T,A,E,Sky,7990272,219.795,87.965,0,255,0.138058824,,,"calculated using the inverted mean/SD, the CC cover has been adjusted by {1-(mean/total)} an so reflects true CC",
20200725_135012_T08A_S,2020,NVC,,T08,T,A,S,Sky,7990272,211.588,95.84,0,255,0.170243137,appears to be same photo as T08A_W,,"calculated using the inverted mean/SD, the CC cover has been adjusted by {1-(mean/total)} an so reflects true CC",
20200725_135012_T08A_W,2020,NVC,,T08,T,A,W,Sky,7990272,211.588,95.84,0,255,0.170243137,appears to be same photo as T08A_S,,"calculated using the inverted mean/SD, the CC cover has been adjusted by {1-(mean/total)} an so reflects true CC",
20200725_160958_T08B_N,2020,NVC,,T08,T,B,N,Sky,7990272,128.381,127.497,0,255,0.496545098,,,"calculated using the inverted mean/SD, the CC cover has been adjusted by {1-(mean/total)} an so reflects true CC",
20200725_161030_T08B_E,2020,NVC,,T08,T,B,E,Sky,7990272,144.544,126.356,0,255,0.433160784,,,"calculated using the inverted mean/SD, the CC cover has been adjusted by {1-(mean/total)} an so reflects true CC",
20200725_161129_T08B_S,2020,NVC,,T08,T,B,S,Sky,7990272,117.925,127.14,0,255,0.53754902,,,"calculated using the inverted mean/SD, the CC cover has been adjusted by {1-(mean/total)} an so reflects true CC",
20200725_161140_T08B_W,2020,NVC,,T08,T,B,W,Sky,7990272,120.501,127.308,0,255,0.527447059,,,"calculated using the inverted mean/SD, the CC cover has been adjusted by {1-(mean/total)} an so reflects true CC",
20200725_161828_T08D_N,2020,NVC,,T08,T,D,N,Tree,7990272,62.369,109.609,0,255,0.244584314,,,calculated: mean/max,
20200725_161845_T08D_E,2020,NVC,,T08,T,D,E,Tree,7990272,70.303,113.95,0,255,0.275698039,,,calculated: mean/max,
20200725_161919_T08D_S,2020,NVC,,T08,T,D,S,Tree,7990272,92.012,122.462,0,255,0.360831373,,,calculated: mean/max,
20200725_161936_T08D_W,2020,NVC,,T08,T,D,W,Tree,7990272,95.58,123.44,0,255,0.374823529,,,calculated: mean/max,
20200725_164835_T08C_N,2020,NVC,,T08,T,C,N,Tree,7990272,93.162,122.789,0,255,0.365341176,,,calculated: mean/max,
20200725_164856_T08C_E,2020,NVC,,T08,T,C,E,Tree,7990272,87.135,120.942,0,255,0.341705882,,,calculated: mean/max,
20200725_164921_T08C_S,2020,NVC,,T08,T,C,S,Tree,7990272,130.099,127.474,0,255,0.510192157,,,calculated: mean/max,
20200725_164949_T08C_W,2020,NVC,,T08,T,C,W,Tree,7990272,96.485,123.67,0,255,0.378372549,,,calculated: mean/max,
20200729_081431_H09C_N,2020,JMD,,H09,H,C,N,Sky,7990272,252.997,22.511,0,255,0.007854902,,,"calculated using the inverted mean/SD, the CC cover has been adjusted by {1-(mean/total)} an so reflects true CC",
20200729_081504_H09C_E,2020,NVC,,H09,H,C,E,Tree,7990272,2.832,26.725,0,255,0.011105882,,,calculated: mean/max,
20200729_081556_H09C_S,2020,JMD,,H09,H,C,S,Sky,7990272,253.032,15.682,0,255,0.007717647,,,"calculated using the inverted mean/SD, the CC cover has been adjusted by {1-(mean/total)} an so reflects true CC",
20200729_081711_H09C_W,2020,NVC,,H09,H,C,W,Tree,7990272,3.649,30.285,0,255,0.014309804,,,calculated: mean/max,
20200729_093011_H09B_N,2020,NVC,,H09,H,B,N,Sky,7990272,224.367,82.904,0,255,0.120129412,,,"calculated using the inverted mean/SD, the CC cover has been adjusted by {1-(mean/total)} an so reflects true CC",
20200729_093048_H09B_E,2020,NVC,,H09,H,B,E,Sky,7990272,242.763,54.504,0,255,0.047988235,,,"calculated using the inverted mean/SD, the CC cover has been adjusted by {1-(mean/total)} an so reflects true CC",
20200729_093124_H09B_S,2020,JMD,,H09,H,B,S,Sky,7990272,245.179,49.071,0,255,0.038513725,,,"calculated using the inverted mean/SD, the CC cover has been adjusted by {1-(mean/total)} an so reflects true CC",
20200729_093217_H09B_W,2020,NVC,,H09,H,B,W,Sky,7990272,242.624,54.797,0,255,0.048533333,,,"calculated using the inverted mean/SD, the CC cover has been adjusted by {1-(mean/total)} an so reflects true CC",
20200729_103822_H09D_N,2020,JMD,,H09,H,D,N,Sky,7990272,247.454,43.211,0,255,0.029592157,,,"calculated using the inverted mean/SD, the CC cover has been adjusted by {1-(mean/total)} an so reflects true CC",
20200729_103840_H09D_E,2020,NVC,,H09,H,D,E,Tree,7990272,35.503,88.277,0,255,0.139227451,,,calculated: mean/max,
20200729_103908_H09D_S,2020,NVC,,H09,H,D,S,Tree,7990272,0,0,0,255,0,,no trees,calculated: mean/max,
20200729_103934_H09D_W,2020,NVC,,H09,H,D,W,Tree,7990272,0,0,0,255,0,,no trees,calculated: mean/max,
20200729_113517_H09A_N,2020,JMD,,H09,H,A,N,Sky,7990272,248.827,39.191,0,255,0.024207843,,,"calculated using the inverted mean/SD, the CC cover has been adjusted by {1-(mean/total)} an so reflects true CC",
20200729_113547_H09A_E,2020,JMD,,H09,H,A,E,Sky,7990272,253.445,19.851,0,255,0.006098039,,,"calculated using the inverted mean/SD, the CC cover has been adjusted by {1-(mean/total)} an so reflects true CC",
20200729_113619_H09A_S,2020,JMD,,H09,H,A,S,Sky,7990272,252.863,23.244,0,255,0.008380392,,,"calculated using the inverted mean/SD, the CC cover has been adjusted by {1-(mean/total)} an so reflects true CC",
20200729_113651_H09A_W,2020,JMD,,H09,H,A,W,Sky,7990272,253.473,19.672,0,255,0.005988235,,,"calculated using the inverted mean/SD, the CC cover has been adjusted by {1-(mean/total)} an so reflects true CC",
20200729_135139_C06A_N,2020,NVC,,C06,C,A,N,Sky,7990272,162.887,122.491,0,255,0.361227451,,,"calculated using the inverted mean/SD, the CC cover has been adjusted by {1-(mean/total)} an so reflects true CC",
20200729_13514_C06A_W,2020,NVC,,C06,C,A,W,Sky,7990272,148.715,125.723,0,255,0.416803922,,,"calculated using the inverted mean/SD, the CC cover has been adjusted by {1-(mean/total)} an so reflects true CC",
20200729_135209_C06A_E,2020,NVC,,C06,C,A,E,Sky,7990272,130.42,127.467,0,255,0.48854902,,,"calculated using the inverted mean/SD, the CC cover has been adjusted by {1-(mean/total)} an so reflects true CC",
20200729_135236_C06A_S,2020,JMD,,C06,C,A,S,Tree,7990272,49.437,100.809,0,255,0.193870588,,Updated 2/22/24,calculated: mean/max,
20200729_142857_C06C_N,2020,NVC,,C06,C,C,N,Tree,7990272,148.033,125.836,0,255,0.580521569,,,calculated: mean/max,
20200729_142926_C06C_E,2020,NVC,,C06,C,C,E,Tree,7990272,132.703,127.394,0,255,0.520403922,,,calculated: mean/max,
20200729_142944_C06C_S,2020,NVC,,C06,C,C,S,Tree,7990272,157.907,123.821,0,255,0.619243137,,,calculated: mean/max,
20200729_143030_C06C_W,2020,NVC,,C06,C,C,W,Tree,7990272,157.478,123.926,0,255,0.617560784,,,calculated: mean/max,
20200729_150442_C06B_N,2020,NVC,,C06,C,B,N,Sky,7990272,129.783,127.48,0,255,0.491047059,,,"calculated using the inverted mean/SD, the CC cover has been adjusted by {1-(mean/total)} an so reflects true CC",
20200729_150503_C06B_E,2020,NVC,,C06,C,B,E,Sky,7990272,134.825,127.289,0,255,0.47127451,,,"calculated using the inverted mean/SD, the CC cover has been adjusted by {1-(mean/total)} an so reflects true CC",
20200729_150526_C06B_S,2020,NVC,,C06,C,B,S,Sky,7990272,137.816,127.082,0,255,0.459545098,,,"calculated using the inverted mean/SD, the CC cover has been adjusted by {1-(mean/total)} an so reflects true CC",
20200729_150543_C06B_W,2020,NVC,,C06,C,B,W,Sky,7990272,122.757,127.412,0,255,0.5186,,,"calculated using the inverted mean/SD, the CC cover has been adjusted by {1-(mean/total)} an so reflects true CC",
20200729_153102_C06D_E,2020,NVC,,C06,C,D,E,Tree,7990272,145.549,126.216,0,255,0.570780392,,,calculated: mean/max,
20200729_153159_C06D_S,2020,NVC,,C06,C,D,S,Tree,7990272,143.49,126.493,0,255,0.562705882,,,calculated: mean/max,
20200729_153220_C06D_W,2020,NVC,,C06,C,D,W,Tree,7990272,152.788,124.927,0,255,0.599168627,,,calculated: mean/max,
20200730_085327_H18D_N,2020,NVC,,H18,H,D,N,Tree,7990272,12.745,55.565,0,255,0.049980392,,,calculated: mean/max,
20200730_085410_H18D_E,2020,NVC,,H18,H,D,E,Tree,7990272,12.679,55.43,0,255,0.049721569,,,calculated: mean/max,
20200730_085450_H18D_S,2020,NVC,,H18,H,D,S,Tree,7990272,3.813,30.948,0,255,0.014952941,,,calculated: mean/max,
20200730_085521_H18D_W,2020,NVC,,H18,H,D,W,Tree,7990272,5.046,35.513,0,255,0.019788235,,,calculated: mean/max,
20200730_103236_H18A_N,2020,NVC,,H18,H,A,N,Sky,7990272,216.759,91.045,0,255,0.149964706,,,"calculated using the inverted mean/SD, the CC cover has been adjusted by {1-(mean/total)} an so reflects true CC",
20200730_103259_H18A_E,2020,JMD,,H18,H,A,E,Sky,7990272,236.027,66.918,0,255,0.074403922,,,"calculated using the inverted mean/SD, the CC cover has been adjusted by {1-(mean/total)} an so reflects true CC",
20200730_103329_H18A_S,2020,JMD,,H18,H,A,S,Sky,7990272,232.159,72.82,0,255,0.089572549,,,"calculated using the inverted mean/SD, the CC cover has been adjusted by {1-(mean/total)} an so reflects true CC",
20200730_103357_H18A_W,2020,JMD,,H18,H,A,W,Sky,7990272,241.628,56.843,0,255,0.052439216,,,"calculated using the inverted mean/SD, the CC cover has been adjusted by {1-(mean/total)} an so reflects true CC",
20200730_114005_H18C_N,2020,NVC,,H18,H,C,N,Tree,7990272,0,0,0,255,0,,no trees,calculated: mean/max,
20200730_114044_H18C_E,2020,JMD,,H18,H,C,E,Sky,7990272,254.721,8.432,0,255,0.001094118,,,"calculated using the inverted mean/SD, the CC cover has been adjusted by {1-(mean/total)} an so reflects true CC",
20200730_114113_H18C_S,2020,JMD,,H18,H,C,S,Sky,7990272,244.367,50.973,0,255,0.041698039,,,"calculated using the inverted mean/SD, the CC cover has been adjusted by {1-(mean/total)} an so reflects true CC",
20200730_114146_H18C_W,2020,JMD,,H18,H,C,W,Sky,7990272,252.985,22.575,0,255,0.007901961,,,"calculated using the inverted mean/SD, the CC cover has been adjusted by {1-(mean/total)} an so reflects true CC",
20200730_130603_H18B_E,2020,JMD,,H18,H,B,E,Sky,7990272,252.475,25.249,0,255,0.009901961,,,"calculated using the inverted mean/SD, the CC cover has been adjusted by {1-(mean/total)} an so reflects true CC",
20200730_130603_H18B_N,2020,NVC,,H18,H,B,N,Sky,7990272,239.279,61.333,0,255,0.06165098,,,"calculated using the inverted mean/SD, the CC cover has been adjusted by {1-(mean/total)} an so reflects true CC",
20200730_130624_H18B_S,2020,JMD,,H18,H,B,S,Sky,7990272,251.688,28.871,0,255,0.012988235,,,"calculated using the inverted mean/SD, the CC cover has been adjusted by {1-(mean/total)} an so reflects true CC",
20200730_130652_H18B_W,2020,JMD,,H18,H,B,W,Sky,7990272,254.034,15.665,0,255,0.003788235,,,"calculated using the inverted mean/SD, the CC cover has been adjusted by {1-(mean/total)} an so reflects true CC",
20200730_144445_C21C_S,2020,NVC,,C21,C,C,S,Tree,7990272,163.897,122.194,0,255,0.642733333,,,calculated: mean/max,
20200730_144518_C21C_E,2020,NVC,,C21,C,C,E,Tree,7990272,162.811,122.513,0,255,0.63847451,,,calculated: mean/max,
20200730_144540_C21C_N,2020,NVC,,C21,C,C,N,Tree,7990272,167.8,120.964,0,255,0.658039216,,,calculated: mean/max,
20200730_144618_C21C_W,2020,NVC,,C21,C,C,W,Tree,7990272,158.832,123.59,0,255,0.622870588,,,calculated: mean/max,
20200730_155149_C21B_N,2020,NVC,,C21,C,B,N,Sky,7990272,87.138,120.943,0,255,0.658282353,,,"calculated using the inverted mean/SD, the CC cover has been adjusted by {1-(mean/total)} an so reflects true CC",
20200730_155209_C21B_E,2020,NVC,,C21,C,B,E,Sky,7990272,79.779,118.233,0,255,0.687141176,,,"calculated using the inverted mean/SD, the CC cover has been adjusted by {1-(mean/total)} an so reflects true CC",
20200730_155237_C21B_S,2020,NVC,,C21,C,B,S,Sky,7990272,49.787,101.079,0,255,0.804756863,,,"calculated using the inverted mean/SD, the CC cover has been adjusted by {1-(mean/total)} an so reflects true CC",
20200730_155255_C21B_W,2020,NVC,,C21,C,B,W,Sky,7990272,90.454,121.999,0,255,0.645278431,,,"calculated using the inverted mean/SD, the CC cover has been adjusted by {1-(mean/total)} an so reflects true CC",
20200730_161835_C21D_N,2020,NVC,,C21,C,D,N,Tree,7990272,133.26,127.37,0,255,0.522588235,,,calculated: mean/max,
20200730_161856_C21D_E,2020,NVC,,C21,C,D,E,Tree,7990272,152.405,125.044,0,255,0.597666667,,,calculated: mean/max,
20200730_161937_C21D_S,2020,NVC,,C21,C,D,S,Tree,7990272,143.723,126.464,0,255,0.563619608,,,calculated: mean/max,
20200730_162031_C21D_W,2020,NVC,,C21,C,D,W,Tree,7990272,141.236,126.758,0,255,0.553866667,,,calculated: mean/max,
20200730_165919_C21A_N,2020,NVC,,C21,C,A,N,Sky,7990272,104.475,125.404,0,255,0.590294118,,,"calculated using the inverted mean/SD, the CC cover has been adjusted by {1-(mean/total)} an so reflects true CC",
20200730_165933_C21A_E,2020,NVC,,C21,C,A,E,Sky,7990272,96.024,123.554,0,255,0.623435294,,,"calculated using the inverted mean/SD, the CC cover has been adjusted by {1-(mean/total)} an so reflects true CC",
20200730_170006_C21A_S,2020,NVC,,C21,C,A,S,Sky,7990272,110.152,126.314,0,255,0.568031373,,,"calculated using the inverted mean/SD, the CC cover has been adjusted by {1-(mean/total)} an so reflects true CC",
20200730_170026_C21A_W,2020,NVC,,C21,C,A,W,Sky,7990272,95.558,123.434,0,255,0.625262745,,,"calculated using the inverted mean/SD, the CC cover has been adjusted by {1-(mean/total)} an so reflects true CC",
20200731_095916_H15A_N,2020,JMD,,H15,H,A,N,Sky,7990272,249.419,37.31,0,255,0.021886275,,,"calculated using the inverted mean/SD, the CC cover has been adjusted by {1-(mean/total)} an so reflects true CC",
20200731_095942_H15A_E,2020,JMD,,H15,H,A,E,Sky,7990272,250.619,33.14,0,255,0.017180392,,,"calculated using the inverted mean/SD, the CC cover has been adjusted by {1-(mean/total)} an so reflects true CC",
20200731_100103_H15A_S,2020,JMD,,H15,H,A,S,Sky,7990272,252.526,24.997,0,255,0.009701961,,,"calculated using the inverted mean/SD, the CC cover has been adjusted by {1-(mean/total)} an so reflects true CC",
20200731_100145_H15A_W,2020,NVC,,H15,H,A,W,Sky,7990272,232.699,72.037,0,255,0.087454902,,,"calculated using the inverted mean/SD, the CC cover has been adjusted by {1-(mean/total)} an so reflects true CC",
20200731_112001_H15D_E,2020,NVC,,H15,H,D,E,Tree,7990272,35.167,87.926,0,255,0.137909804,,,calculated: mean/max,
20200731_112043_H15D_S,2020,NVC,,H15,H,D,S,Tree,7990272,2.91,27.085,0,255,0.011411765,,,calculated: mean/max,
20200731_112113_H15D_W,2020,NVC,,H15,H,D,W,Tree,7990272,12.313,54.665,0,255,0.048286275,,,calculated: mean/max,
20200731_112207_H15D_N,2020,NVC,,H15,H,D,N,Tree,7990272,12.574,55.211,0,255,0.049309804,,,calculated: mean/max,
20200731_121253_H15B_N,2020,JMD,,H15,H,B,N,Sky,7990272,254.537,10.862,0,255,0.001815686,,,"calculated using the inverted mean/SD, the CC cover has been adjusted by {1-(mean/total)} an so reflects true CC",
20200731_121331_H15B_E,2020,JMD,,H15,H,B,E,Tree,7990272,0,0,0,255,0,no trees,,calculated: mean/max,
20200731_121405_H15B_S,2020,JMD,,H15,H,B,S,Tree,7990272,0,0,0,255,0,no trees,,calculated: mean/max,
20200731_121427_H15B_W,2020,JMD,,H15,H,B,W,Tree,7990272,0,0,0,255,0,no trees,,calculated: mean/max,
20200731_130553_H15C_N,2020,NVC,,H15,H,C,N,Tree,7990272,36.22,98.234,0,255,0.142039216,,,calculated: mean/max,
20200731_130702_H15C_E,2020,JMD,,H15,H,C,E,Sky,7990272,248.986,38.696,0,255,0.023584314,,,"calculated using the inverted mean/SD, the CC cover has been adjusted by {1-(mean/total)} an so reflects true CC",
20200731_130809_H15C_S,2020,JMD,,H15,H,C,S,Sky,7990272,226.204,80.708,0,255,0.11292549,,,"calculated using the inverted mean/SD, the CC cover has been adjusted by {1-(mean/total)} an so reflects true CC",
20200731_130921_H15C_W,2020,JMD,,H15,H,C,W,Sky,7990272,241.911,56.271,0,255,0.051329412,,,"calculated using the inverted mean/SD, the CC cover has been adjusted by {1-(mean/total)} an so reflects true CC",
20200731_145035_C11A_N,2020,NVC,,C11,C,A,N,Sky,7990272,174.457,118.538,0,255,0.315854902,,,"calculated using the inverted mean/SD, the CC cover has been adjusted by {1-(mean/total)} an so reflects true CC",
20200731_145055_C11A_E,2020,NVC,,C11,C,A,E,Sky,7990272,198.34,106.009,0,255,0.222196078,,,"calculated using the inverted mean/SD, the CC cover has been adjusted by {1-(mean/total)} an so reflects true CC",
20200731_145121_C11A_S,2020,NVC,,C11,C,A,S,Sky,7990272,163.825,122.216,0,255,0.35754902,,,"calculated using the inverted mean/SD, the CC cover has been adjusted by {1-(mean/total)} an so reflects true CC",
20200731_145200_C11A_W,2020,NVC,,C11,C,A,W,Sky,7990272,175.227,118.23,0,255,0.312835294,,,"calculated using the inverted mean/SD, the CC cover has been adjusted by {1-(mean/total)} an so reflects true CC",
20200731_152104_C11C_N,2020,NVC,,C11,C,C,N,Tree,7990272,115.837,126.965,0,255,0.454262745,,,calculated: mean/max,
20200731_152129_C11C_E,2020,NVC,,C11,C,C,E,Tree,7990272,137.419,127.114,0,255,0.538898039,,,calculated: mean/max,
20200731_152144_C11C_S,2020,NVC,,C11,C,C,S,Tree,7990272,133.398,127.364,0,255,0.523129412,,,calculated: mean/max,
20200731_152204_C11C_W,2020,NVC,,C11,C,C,W,Tree,7990272,137.932,127.073,0,255,0.540909804,,,calculated: mean/max,
20200731_154309_C11B_N,2020,NVC,,C11,C,B,N,Sky,7990272,143.785,126.456,0,255,0.436137255,,,"calculated using the inverted mean/SD, the CC cover has been adjusted by {1-(mean/total)} an so reflects true CC",
20200731_154333_C11B_E,2020,NVC,,C11,C,B,E,Sky,7990272,144.492,126.363,0,255,0.433364706,,,"calculated using the inverted mean/SD, the CC cover has been adjusted by {1-(mean/total)} an so reflects true CC",
20200731_154354_C11B_S,2020,NVC,,C11,C,B,S,Sky,7990272,150.673,125.376,0,255,0.40912549,,,"calculated using the inverted mean/SD, the CC cover has been adjusted by {1-(mean/total)} an so reflects true CC",
20200731_154414_C11B_W,2020,NVC,,C11,C,B,W,Sky,7990272,132.758,127.392,0,255,0.479380392,,,"calculated using the inverted mean/SD, the CC cover has been adjusted by {1-(mean/total)} an so reflects true CC",
20200731_160550_C11D_N,2020,NVC,,C11,C,D,N,Tree,7990272,119.844,127.27,0,255,0.469976471,,,calculated: mean/max,
20200731_160605_C11D_E,2020,NVC,,C11,C,D,E,Tree,7990272,175.867,117.97,0,255,0.68967451,,,calculated: mean/max,
20200731_160633_C11D_S,2020,NVC,,C11,C,D,S,Tree,7990272,149.709,125.551,0,255,0.587094118,,,calculated: mean/max,
20200731_160647_C11D_W,2020,NVC,,C11,C,D,W,Tree,7990272,146.075,126.14,0,255,0.572843137,,,calculated: mean/max,
20200801_083456_T99C_N,2020,NVC,,T99,T,C,N,Tree,7990272,96.735,123.733,0,255,0.379352941,,,calculated: mean/max,
20200801_083519_T99C_E,2020,NVC,,T99,T,C,E,Tree,7990272,102.734,125.072,0,255,0.402878431,,,calculated: mean/max,
20200801_083553_T99C_S,2020,NVC,,T99,T,C,S,Tree,7990272,116.501,127.025,0,255,0.456866667,,,calculated: mean/max,
20200801_083618_T99C_W,2020,NVC,,T99,T,C,W,Tree,7990272,103.744,125.267,0,255,0.406839216,,,calculated: mean/max,
20200801_090559_T99B_N,2020,NVC,,T99,T,B,N,Sky,7990272,112.483,126.613,0,255,0.558890196,,,"calculated using the inverted mean/SD, the CC cover has been adjusted by {1-(mean/total)} an so reflects true CC",
20200801_090620_T99B_E,2020,NVC,,T99,T,B,E,Sky,7990272,109.299,126.194,0,255,0.571376471,,,"calculated using the inverted mean/SD, the CC cover has been adjusted by {1-(mean/total)} an so reflects true CC",
20200801_090647_T99B_S,2020,NVC,,T99,T,B,S,Sky,7990272,117.925,127.14,0,255,0.53754902,,,"calculated using the inverted mean/SD, the CC cover has been adjusted by {1-(mean/total)} an so reflects true CC",
20200801_090708_T99B_W,2020,NVC,,T99,T,B,W,Sky,7990272,113.322,126.709,0,255,0.5556,,,"calculated using the inverted mean/SD, the CC cover has been adjusted by {1-(mean/total)} an so reflects true CC",
20200801_092745_T99D_N,2020,NVC,,T99,T,D,N,Tree,7990272,122.394,127.398,0,255,0.479976471,,,calculated: mean/max,
20200801_092749_T99D_E,2020,NVC,,T99,T,D,E,Tree,7990272,121.654,127.366,0,255,0.47707451,,,calculated: mean/max,
20200801_092825_T99D_S,2020,NVC,,T99,T,D,S,Tree,7990272,115.353,126.92,0,255,0.452364706,,,calculated: mean/max,
20200801_092846_T99D_W,2020,NVC,,T99,T,D,W,Tree,7990272,125.876,127.49,0,255,0.493631373,,,calculated: mean/max,
20200801_095656_T99A_N,2020,NVC,,T99,T,A,N,Sky,7990272,98.211,124.09,0,255,0.614858824,,,"calculated using the inverted mean/SD, the CC cover has been adjusted by {1-(mean/total)} an so reflects true CC",
20200801_095725_T99A_E,2020,NVC,,T99,T,A,E,Sky,7990272,119.112,127.225,0,255,0.532894118,,,"calculated using the inverted mean/SD, the CC cover has been adjusted by {1-(mean/total)} an so reflects true CC",
20200801_095737_T99A_S,2020,NVC,,T99,T,A,S,Sky,7990272,108.57,126.087,0,255,0.574235294,,,"calculated using the inverted mean/SD, the CC cover has been adjusted by {1-(mean/total)} an so reflects true CC",
20200801_095820_T99A_W,2020,NVC,,T99,T,A,W,Sky,7990272,92.743,122.671,0,255,0.636301961,,,"calculated using the inverted mean/SD, the CC cover has been adjusted by {1-(mean/total)} an so reflects true CC",
20200801_114227_T98A_N,2020,NVC,,T98,T,A,N,Sky,7990272,163.062,122.44,0,255,0.360541176,,,"calculated using the inverted mean/SD, the CC cover has been adjusted by {1-(mean/total)} an so reflects true CC",
20200801_114254_T98A_E,2020,NVC,,T98,T,A,E,Sky,7990272,154.914,124.518,0,255,0.392494118,,,"calculated using the inverted mean/SD, the CC cover has been adjusted by {1-(mean/total)} an so reflects true CC",
20200801_114321_T98A_S,2020,NVC,,T98,T,A,S,Sky,7990272,173.116,119.061,0,255,0.321113725,,,"calculated using the inverted mean/SD, the CC cover has been adjusted by {1-(mean/total)} an so reflects true CC",
20200801_114344_T98A_W,2020,NVC,,T98,T,A,W,Sky,7990272,158.021,123.793,0,255,0.380309804,,,"calculated using the inverted mean/SD, the CC cover has been adjusted by {1-(mean/total)} an so reflects true CC",
20200801_121959_T98C_E,2020,JMD,,T98,T,C,E,Tree,7990272,88.3,121.324,0,255,0.34627451,,Undated 2/22/24,calculated: mean/max,
20200801_122022_T98C_S,2020,NVC,,T98,T,C,S,Tree,7990272,71.914,114.745,0,255,0.282015686,,,calculated: mean/max,
20200801_122046_T98C_W,2020,NVC,,T98,T,C,W,Tree,7990272,78.271,117.613,0,255,0.306945098,,,calculated: mean/max,
20200801_130022_T98B_N,2020,NVC,,T98,T,B,N,Sky,7990272,192.688,109.575,0,255,0.244360784,,,"calculated using the inverted mean/SD, the CC cover has been adjusted by {1-(mean/total)} an so reflects true CC",
20200801_130118_T98B_E,2020,NVC,,T98,T,B,E,Sky,7990272,189.392,111.47,0,255,0.257286275,,,"calculated using the inverted mean/SD, the CC cover has been adjusted by {1-(mean/total)} an so reflects true CC",
20200801_130143_T98B_S,2020,NVC,,T98,T,B,S,Sky,7990272,203.924,102.057,0,255,0.200298039,,,"calculated using the inverted mean/SD, the CC cover has been adjusted by {1-(mean/total)} an so reflects true CC",
20200801_130212_T98B_W,2020,JMD,,T98,T,B,W,Tree,7990272,21.57,70.972,0,255,0.084588235,,Undated 2/22/24,calculated: mean/max,
20200801_133931_T98D_N,2020,NVC,,T98,T,D,N,Tree,7990272,0,0,0,255,0,,no trees,calculated: mean/max,
20200801_133945_T98D_E,2020,JMD,,T98,T,D,E,Sky,7990272,253.751,17.806,0,255,0.004898039,,Undated 2/22/24,calculated: mean/max,
20200801_134016_T98D_S,2020,NVC,,T98,T,D,S,Tree,7990272,27.617,79.244,0,255,0.108301961,,,calculated: mean/max,
20200801_134031_T98D_W,2020,NVC,,T98,T,D,W,Tree,7990272,12.11,54.234,0,255,0.047490196,,,calculated: mean/max,
20210615_094709_T13A_S,2021,NVC,JD,T13,Treated,A,S,Tree,7990272,76.042,116.655,0,255,0.298203922,,,calculated: mean/max,
20210615_094841_T13A_W,2021,NVC,JD,T13,Treated,A,W,Tree,7990272,83.545,119.684,0,255,0.327627451,,,calculated: mean/max,
20210615_094922_T13A_N,2021,NVC,JD,T13,Treated,A,N,Tree,7990272,51.148,102.111,0,255,0.200580392,,,calculated: mean/max,
20210615_095012_T13A_E,2021,NVC,JD,T13,Treated,A,E,Tree,7990272,79.779,118.233,0,255,0.312858824,,,calculated: mean/max,
20210615_102542_T13B_S,2021,NVC,JD,T13,Treated,B,S,Tree,7990272,34.939,87.686,0,255,0.137015686,,,calculated: mean/max,
20210615_102618_T13B_W,2021,NVC,JD,T13,Treated,B,W,Tree,7990272,60.229,108.309,0,255,0.236192157,,,calculated: mean/max,
20210615_102704_T13B_N,2021,NVC,JD,T13,Treated,B,N,Tree,7990272,57.179,106.354,0,255,0.224231373,,,calculated: mean/max,
20210615_102735_T13B_E,2021,NVC,JD,T13,Treated,B,E,Tree,7990272,34.427,87.141,0,255,0.135007843,,,calculated: mean/max,
20210615_113714_T96A_S,2021,NVC,JD,T96,Treated,A,S,Tree,7990272,142.155,126.655,0,255,0.557470588,,,calculated: mean/max,
20210615_113814_T96A_W,2021,NVC,JD,T96,Treated,A,W,Tree,7990272,93.53,122.891,0,255,0.366784314,,,calculated: mean/max,
20210615_113903_T96A_N,2021,NVC,JD,T96,Treated,A,N,Tree,7990272,71.571,114.579,0,255,0.280670588,,,calculated: mean/max,
20210615_113936_T96A_E,2021,NVC,JD,T96,Treated,A,E,Tree,7990272,83.003,119.483,0,255,0.325501961,,,calculated: mean/max,
20210615_115734_T96B_S,2021,NVC,JD,T96,Treated,B,S,Tree,7990272,22.233,71.938,0,255,0.087188235,,,calculated: mean/max,
20210615_115912_T96B_W,2021,NVC,JD,T96,Treated,B,W,Tree,7990272,21.125,70.289,0,255,0.082843137,,,calculated: mean/max,
20210615_115958_T96B_N,2021,NVC,JD,T96,Treated,B,N,Tree,7990272,95.82,123.502,0,255,0.375764706,,,calculated: mean/max,
20210615_120046_T96B_E,2021,NVC,JD,T96,Treated,B,E,Tree,7990272,48.997,100.467,0,255,0.192145098,,,calculated: mean/max,
20210615_131346_PC10A_E,2021,NVC,JD,C104,Control,A,E,Tree,7990272,80.43,118.493,0,255,0.315411765,,PC10A E,calculated: mean/max,AKA PC10
20210615_131427_PC10A_S,2021,NVC,JD,C104,Control,A,S,Tree,7990272,110.241,126.326,0,255,0.432317647,,,calculated: mean/max,AKA PC10
20210615_131514_PC10A_W,2021,NVC,JD,C104,Control,A,W,Tree,7990272,67.222,112.351,0,255,0.263615686,,,calculated: mean/max,AKA PC10
20210615_131603_PC10A_N,2021,NVC,JD,C104,Control,A,N,Tree,7990272,88.9,121.517,0,255,0.348627451,,,calculated: mean/max,AKA PC10
20210615_133234_PC10B_S,2021,NVC,JD,C104,Control,B,S,Tree,7990272,17.073,63.734,0,255,0.066952941,,PC10B S,calculated: mean/max,AKA PC10
20210615_133311_PC10B_W,2021,NVC,JD,C104,Control,B,W,Tree,7990272,56.519,105.915,0,255,0.221643137,,,calculated: mean/max,AKA PC10
20210615_133402_PC10B_N,2021,NVC,JD,C104,Control,B,N,Tree,7990272,33.78,86.446,0,255,0.132470588,,PC10B N,calculated: mean/max,AKA PC10
20210615_133453_PC10B_E,2021,NVC,JD,C104,Control,B,E,Tree,7990272,12.977,56.042,0,255,0.050890196,,,calculated: mean/max,AKA PC10
20210616_110627_C103A_E,2021,NVC,JD,C103,Control,A,E,Tree,7990272,128.383,127.497,0,255,0.503462745,,,calculated: mean/max,
20210616_110701_C103A_S,2021,NVC,JD,C103,Control,A,S,Tree,7990272,160.287,123.212,0,255,0.628576471,,,calculated: mean/max,
20210616_110837_C103A_N,2021,NVC,JD,C103,Control,A,N,Tree,7990272,134.869,127.287,0,255,0.528898039,,,calculated: mean/max,
20210616_110908,2021,NVC,#N/A,#N/A,#N/A,#N/A,#N/A,Tree,7990272,122.354,127.396,0,255,0.479819608,Probably an extra image (was at C103A at that time),,calculated: mean/max,
20210616_110917_C103A_W,2021,NVC,JD,C103,Control,A,W,Tree,7990272,112.557,126.621,0,255,0.4414,,,calculated: mean/max,
20210616_112736_C103B_N,2021,NVC,JD,C103,Control,B,N,Tree,7990272,66.599,112.015,0,255,0.261172549,,,calculated: mean/max,
20210616_112829_C103B_E,2021,NVC,JD,C103,Control,B,E,Tree,7990272,59.176,107.648,0,255,0.232062745,,,calculated: mean/max,
20210616_122545_C103B_S,2021,NVC,JD,C103,Control,B,S,Tree,7990272,40.142,92.87,0,255,0.157419608,Entered as 12 pm but probably meant 11 pm (same as W photo),,calculated: mean/max,
20210616_122652_C103B_W,2021,NVC,JD,C103,Control,B,W,Tree,7990272,69.266,113.424,0,255,0.271631373,C103B W,,calculated: mean/max,
20210617_104046,2021,NVC,#N/A,#N/A,#N/A,#N/A,#N/A,Tree,7990272,4.666,34.176,0,255,0.018298039,Probably an extra. Was around H12A around this time,,calculated: mean/max,
20210617_104048_H12A_N,2021,JMD,JD,H12,Burned,A,N,Tree,7990272,0,0,0,255,0,no trees,,calculated: mean/max,
20210617_104156,2021,NVC,#N/A,#N/A,#N/A,#N/A,#N/A,Tree,7990272,28.406,80.228,0,255,0.111396078,Probably an extra. Was around H12A around this time,,calculated: mean/max,
20210617_104157,2021,NVC,#N/A,#N/A,#N/A,#N/A,#N/A,Tree,7990272,23.857,74.259,0,255,0.093556863,Probably an extra. Was around H12A around this time,,calculated: mean/max,
20210617_104202_H12A_E,2021,NVC,JD,H12,Burned,A,E,Tree,7990272,0,0,0,255,0,,no trees,calculated: mean/max,
20210617_104255_H12A_S,2021,NVC,JD,H12,Burned,A,S,Tree,7990272,0,0,0,255,0,,no trees,calculated: mean/max,
20210617_104346_H12A_W,2021,NVC,JD,H12,Burned,A,W,Tree,7990272,0,0,0,255,0,,no trees,calculated: mean/max,
20210617_110708,2021,NVC,#N/A,#N/A,#N/A,#N/A,#N/A,Tree,7990272,10.603,50.904,0,255,0.041580392,Probably an extra. Was around H12B around this time,,calculated: mean/max,
20210617_110735_H12B_N,2021,NVC,AF,H12,Burned,B,N,Tree,7990272,7.883,44.136,0,255,0.030913725,,,calculated: mean/max,
20210617_110830_H12B_E,2021,NVC,AF,H12,Burned,B,E,Tree,7990272,1.352,18.516,0,255,0.005301961,,,calculated: mean/max,
20210617_110905,2021,NVC,#N/A,#N/A,#N/A,#N/A,#N/A,Tree,7990272,8.901,46.804,0,255,0.034905882,Probably an extra. Was around H12B around this time,,calculated: mean/max,
20210617_110930,2021,NVC,#N/A,#N/A,#N/A,#N/A,#N/A,Tree,7990272,8.888,46.771,0,255,0.034854902,Probably an extra. Was around H12B around this time,,calculated: mean/max,
20210617_110931,2021,NVC,#N/A,#N/A,#N/A,#N/A,#N/A,Tree,7990272,11.054,51.928,0,255,0.04334902,Probably an extra. Was around H12B around this time,,calculated: mean/max,
20210617_110953_H12B_S,2021,NVC,AF,H12,Burned,B,S,Tree,7990272,6.231,39.37,0,255,0.024435294,,,calculated: mean/max,
20210617_111033_H12B_W,2021,NVC,AF,H12,Burned,B,W,Tree,7990272,26.195,98.213,0,255,0.10272549,,,calculated: mean/max,
20210618_092313_C105A_N,2021,NVC,JMD,C105,Control,A,N,Tree,7990272,124.269,127.459,0,255,0.487329412,C105A N,,calculated: mean/max,
20210618_092420_C105A_E,2021,NVC,JMD,C105,Control,A,E,Tree,7990272,112.045,126.56,0,255,0.439392157,,,calculated: mean/max,
20210618_092447_C105A_S,2021,NVC,JMD,C105,Control,A,S,Tree,7990272,106.258,125.718,0,255,0.416698039,,,calculated: mean/max,
20210618_092526_C105A_W,2021,NVC,JMD,C105,Control,A,W,Tree,7990272,100.816,124.676,0,255,0.395356863,,,calculated: mean/max,
20210618_092824_C105B_E,2021,NVC,AF,C105,Control,B,E,Tree,7990272,139.185,126.963,0,255,0.545823529,,C105B E,calculated: mean/max,
20210618_093615_C105B_S,2021,NVC,AF,C105,Control,B,S,Tree,7990272,145.352,126.244,0,255,0.570007843,,,calculated: mean/max,
20210618_093654_C105B_W,2021,NVC,AF,C105,Control,B,W,Tree,7990272,144.133,126.41,0,255,0.565227451,,,calculated: mean/max,
20210618_093743_C105B_N,2021,NVC,AF,C105,Control,B,N,Tree,7990272,154.135,124.687,0,255,0.60445098,,,calculated: mean/max,
20210618_104257_T103A_N,2021,NVC,JMD,T103,Treated,A,N,Tree,7990272,76.952,117.052,0,255,0.301772549,,,calculated: mean/max,
20210618_104337_T103A_E,2021,NVC,JMD,T103,Treated,A,E,Tree,7990272,81.301,118.836,0,255,0.318827451,,,calculated: mean/max,
20210618_104457_T103A_S,2021,NVC,JMD,T103,Treated,A,S,Tree,7990272,110.011,126.295,0,255,0.431415686,,,calculated: mean/max,
20210618_104532_T103A_W,2021,NVC,#N/A,#N/A,#N/A,#N/A,#N/A,Tree,7990272,123.815,127.447,0,255,0.48554902,,,calculated: mean/max,
20210618_105519_T103B_S,2021,NVC,AF,T103,Treated,B,S,Tree,7990272,2.204,23.603,0,255,0.008643137,,,calculated: mean/max,
20210618_105610_T103B_W,2021,NVC,AF,T103,Treated,B,W,Tree,7990272,0,0,0,255,0,,no trees,calculated: mean/max,
20210618_105649_T103B_N,2021,NVC,AF,T103,Treated,B,N,Tree,7990272,5.967,38.55,0,255,0.0234,,,calculated: mean/max,
20210618_105717,2021,NVC,#N/A,#N/A,#N/A,#N/A,#N/A,Tree,7990272,0,0,0,255,0,Probably an extra. Was around T103B around the time,,calculated: mean/max,
20210618_105729,2021,NVC,#N/A,#N/A,#N/A,#N/A,#N/A,Tree,7990272,11.486,52.886,0,255,0.045043137,Probably an extra. Was around T103B around the time,,calculated: mean/max,
20210618_105733_T103B_E,2021,NVC,AF,T103,Treated,B,E,Tree,7990272,13.664,57.424,0,255,0.053584314,,,calculated: mean/max,
20210618_120106_C101A_S,2021,NVC,JMD,C101,Control,A,S,Tree,7990272,156.548,124.147,0,255,0.613913725,C101A S,,calculated: mean/max,
20210618_120300_C101A_W,2021,NVC,JMD,C101,Control,A,W,Tree,7990272,171.037,119.836,0,255,0.670733333,,,calculated: mean/max,
20210618_120337_C101A_N,2021,NVC,JMD,C101,Control,A,N,Tree,7990272,165.955,121.563,0,255,0.650803922,,,calculated: mean/max,
20210618_120437_C101A_E,2021,NVC,JMD,C101,Control,A,E,Tree,7990272,167.175,121.17,0,255,0.655588235,,,calculated: mean/max,
20210618_122044_C101B_E,2021,NVC,AF,C101,Control,B,E,Tree,7990272,156.177,124.233,0,255,0.612458824,,,calculated: mean/max,
20210618_122128_C101B_S,2021,NVC,AF,C101,Control,B,S,Tree,7990272,168.385,120.767,0,255,0.660333333,,,calculated: mean/max,
20210618_122219_C101B_W,2021,NVC,AF,C101,Control,B,W,Tree,7990272,178.515,116.849,0,255,0.700058824,,,calculated: mean/max,
20210618_122355_C101B_N,2021,NVC,AF,C101,Control,B,N,Tree,7990272,172.191,119.411,0,255,0.675258824,,,calculated: mean/max,
20210621_090136,2021,NVC,#N/A,#N/A,#N/A,#N/A,#N/A,Tree,7990272,102.51,125.027,0,255,0.402,Probably an extra. Was around H13,,calculated: mean/max,
20210621_093052_H13B_S,2021,NVC,JD,H13,Burned,B,S,Tree,7990272,23.335,73.525,0,255,0.091509804,,,calculated: mean/max,
20210621_093148_H13B_W,2021,NVC,JD,H13,Burned,B,W,Tree,7990272,18.385,65.956,0,255,0.072098039,,,calculated: mean/max,
20210621_093234_H13B_N,2021,NVC,JD,H13,Burned,B,N,Tree,7990272,22.471,72.285,0,255,0.088121569,,,calculated: mean/max,
20210621_093332_H13B_E,2021,NVC,JD,H13,Burned,B,E,Tree,7990272,26.008,77.173,0,255,0.101992157,,,calculated: mean/max,
20210621_093805_H13A_S,2021,NVC,JD,H13,Burned,A,S,Tree,7990272,43.106,95.571,0,255,0.169043137,,,calculated: mean/max,
20210621_093849_H13A_W,2021,NVC,JD,H13,Burned,A,W,Tree,7990272,0,0,0,255,0,,no trees,calculated: mean/max,
20210621_093951,2021,NVC,#N/A,#N/A,#N/A,#N/A,#N/A,Tree,7990272,0,0,0,255,0,Probably an extra. Was around H13,,calculated: mean/max,
20210621_094016_H13A_N,2021,NVC,JD,H13,Burned,A,N,Tree,7990272,0,0,0,255,0,,no trees,calculated: mean/max,
20210621_094046,2021,NVC,#N/A,#N/A,#N/A,#N/A,#N/A,Tree,7990272,0,0,0,255,0,Probably an extra. Was around H13,,calculated: mean/max,
20210621_094101_H13A_E,2021,NVC,JD,H13,Burned,A,E,Tree,7990272,0,0,0,255,0,,no trees,calculated: mean/max,
20210621_105155_T101B_E,2021,NVC,JMD,T101,Treated,B,E,Tree,7990272,25.242,76.155,0,255,0.098988235,,,calculated: mean/max,
20210621_105258_T101B_S,2021,NVC,JMD,T101,Treated,B,S,Tree,7990272,75.819,116.556,0,255,0.297329412,,,calculated: mean/max,
20210621_105343_T101B_W,2021,NVC,JMD,T101,Treated,B,W,Tree,7990272,73.404,115.455,0,255,0.287858824,,,calculated: mean/max,
20210621_105421_T101B_N,2021,NVC,JMD,T101,Treated,B,N,Tree,7990272,86.813,120.834,0,255,0.340443137,,,calculated: mean/max,
20210621_105658_C108A_S,2021,NVC,JD,C108,Control,A,S,Tree,7990272,143.118,126.54,0,255,0.561247059,"Time seems to be off. Same num was entered twice on datasheet - one for C108A S and another for C108A W. But, don't think I would have been at T101 around the same time as C108",Image does look more like C108A than T101 - sky is the same color and canopy looks more similar. ,calculated: mean/max,
20210621_110459_T101A_S,2021,NVC,JMD,T101,Treated,A,S,Tree,7990272,128.298,127.498,0,255,0.503129412,,,calculated: mean/max,
20210621_110545_T101A_W,2021,NVC,JMD,T101,Treated,A,W,Tree,7990272,108.355,126.055,0,255,0.424921569,,,calculated: mean/max,
20210621_110650_T101A_N,2021,NVC,JMD,T101,Treated,A,N,Tree,7990272,112.991,126.672,0,255,0.443101961,,,calculated: mean/max,
20210621_110729_T101A_E,2021,NVC,JMD,T101,Treated,A,E,Tree,7990272,86.588,120.758,0,255,0.339560784,,,calculated: mean/max,
20210621_111558_C108B_S,2021,NVC,JD,C108,Control,B,S,Tree,7990272,126.79,127.498,0,255,0.497215686,Time seems to be off - 8 minutes after T101 photos? I guess the sites are close,,calculated: mean/max,
20210621_115324_C108A_E,2021,NVC,JD,C108,Control,A,E,Tree,7990272,144.124,126.412,0,255,0.565192157,,,calculated: mean/max,
20210621_115428_C108A_N,2021,NVC,JD,C108,Control,A,N,Tree,7990272,152.83,124.959,0,255,0.599333333,,,calculated: mean/max,
20210621_115606_C108A_W,2021,NVC,JD,C108,Control,A,W,Tree,7990272,143.692,126.468,0,255,0.563498039,,,calculated: mean/max,
20210621_121419_C108B_N,2021,NVC,JD,C108,Control,B,N,Tree,7990272,106.128,125.696,0,255,0.416188235,,,calculated: mean/max,
20210621_121513,2021,NVC,#N/A,#N/A,#N/A,#N/A,#N/A,Tree,7990272,134.762,127.293,0,255,0.528478431,Probably an extra. Looks exactly like 20210621_121515,,calculated: mean/max,
20210621_121515_C108B_E,2021,NVC,JD,C108,Control,B,E,Tree,7990272,134.563,127.304,0,255,0.527698039,,,calculated: mean/max,
20210622_100034_H103B_E,2021,JMD,JD,H103,Burned,B,E,Tree,7990272,0,0,0,255,0,no trees,,calculated: mean/max,
20210622_100103_H103B_S,2021,JMD,JD,H103,Burned,B,S,Tree,7990272,0,0,0,255,0,no trees,,calculated: mean/max,
20210622_100224_H103B_W,2021,JMD,JD,H103,Burned,B,W,Tree,7990272,0,0,0,255,0,no trees,,calculated: mean/max,
20210622_100323_H103B_N,2021,NVC,JD,H103,Burned,B,N,Tree,7990272,0.845,14.658,0,255,0.003313725,,,calculated: mean/max,
20210622_101718_H103A_S,2021,NVC,JD,H103,Burned,A,S,Tree,7990272,0,0,0,255,0,,no trees,calculated: mean/max,
20210622_101952_H103A_W,2021,NVC,JD,H103,Burned,A,W,Tree,7990272,1.839,21.578,0,255,0.007211765,,,calculated: mean/max,
20210622_102035_H103A_N,2021,NVC,JD,H103,Burned,A,N,Tree,7990272,0,0,0,255,0,,no trees,calculated: mean/max,
20210622_102126_H103A_E,2021,NVC,JD,H103,Burned,A,E,Tree,7990272,31.491,83.896,0,255,0.123494118,,,calculated: mean/max,
20210623_090205_H05B_W,2021,NVC,JD,H05,Burned,B,W,Tree,7990272,32.59,85.137,0,255,0.127803922,,,calculated: mean/max,
20210623_090243_H05B_N,2021,NVC,JD,H05,Burned,B,N,Tree,7990272,24.904,75.699,0,255,0.097662745,,,calculated: mean/max,
20210623_091531_H05A_S,2021,NVC,JD,H05,Burned,A,S,Tree,7990272,0,0,0,255,0,,no trees,calculated: mean/max,
20210623_091624_H05A_W,2021,NVC,JD,H05,Burned,A,W,Tree,7990272,0.75,13.806,0,255,0.002941176,,,calculated: mean/max,
20210623_100039_H05B_E,2021,NVC,JD,H05,Burned,B,E,Tree,7990272,19.681,68.054,0,255,0.077180392,,,calculated: mean/max,
20210623_100119_H05B_S,2021,NVC,JD,H05,Burned,B,S,Tree,7990272,7.799,43.908,0,255,0.030584314,,,calculated: mean/max,
20210623_101717_H05A_N,2021,NVC,JD,H05,Burned,A,N,Tree,7990272,22.318,72.062,0,255,0.087521569,,,calculated: mean/max,
20210623_101805_H05A_E,2021,NVC,JD,H05,Burned,A,E,Tree,7990272,39.336,100.73,0,255,0.154258824,,,calculated: mean/max,
20210624_093641_H101A_S,2021,NVC,JMD,H101,Burned,A,S,Tree,7990272,0,0,0,255,0,,no trees,calculated: mean/max,
20210624_093847_H101A_W,2021,NVC,JMD,H101,Burned,A,W,Tree,7990272,13.69,57.477,0,255,0.053686275,,,calculated: mean/max,
20210624_093937_H101A_N,2021,NVC,JMD,H101,Burned,A,N,Tree,7990272,0,0,0,255,0,,no trees,calculated: mean/max,
20210624_094059_H101A_E,2021,NVC,JMD,H101,Burned,A,E,Tree,7990272,25.952,77.098,0,255,0.101772549,,,calculated: mean/max,
20210624_095142_H101B_N,2021,NVC,JMD,H101,Burned,B,N,Tree,7990272,0,0,0,255,0,,no trees,calculated: mean/max,
20210624_095241_H101B_W,2021,NVC,JMD,H101,Burned,B,W,Tree,7990272,0.523,5.674,0,255,0.00205098,,,calculated: mean/max,
20210624_095314_H101B_S,2021,NVC,JMD,H101,Burned,B,S,Tree,7990272,0,0,0,255,0,,no trees,calculated: mean/max,
20210624_095346_H101B_E,2021,NVC,JMD,H101,Burned,B,E,Tree,7990272,0,0,0,255,0,,no trees,calculated: mean/max,
20210624_104301_C107A_E,2021,NVC,JD,C107,Control,A,E,Tree,7990272,113.502,126.729,0,255,0.445105882,,,calculated: mean/max,
20210624_104404_C107A_S,2021,NVC,JD,C107,Control,A,S,Tree,7990272,92.349,122.559,0,255,0.362152941,,,calculated: mean/max,
20210624_104440_C107A_W,2021,NVC,JD,C107,Control,A,W,Tree,7990272,129.655,127.482,0,255,0.50845098,,,calculated: mean/max,
20210624_104529_C107A_N,2021,NVC,JD,C107,Control,A,N,Tree,7990272,97.891,124.014,0,255,0.383886275,,,calculated: mean/max,
20210624_105411_C107B_E,2021,NVC,JD,C107,Control,B,E,Tree,7990272,71.963,114.769,0,255,0.282207843,,,calculated: mean/max,
20210624_105527_C107B_N,2021,NVC,JD,C107,Control,B,N,Tree,7990272,59.508,107.858,0,255,0.233364706,,,calculated: mean/max,
20210624_105615_C107B_W,2021,NVC,JD,C107,Control,B,W,Tree,7990272,71.99,114.782,0,255,0.282313725,,,calculated: mean/max,
20210624_105649_C107B_S,2021,NVC,JD,C107,Control,B,S,Tree,7990272,55.928,105.517,0,255,0.21932549,,,calculated: mean/max,
20210628_110119,2021,NVC,#N/A,#N/A,#N/A,#N/A,#N/A,Tree,7990272,83.102,119.52,0,255,0.325890196,Don't have any data that was collected on 06/28/21?,,calculated: mean/max,
20210628_110218,2021,NVC,#N/A,#N/A,#N/A,#N/A,#N/A,Tree,7990272,76.633,116.914,0,255,0.300521569,Don't have any data that was collected on 06/28/21?,,calculated: mean/max,
20210628_110253,2021,NVC,#N/A,#N/A,#N/A,#N/A,#N/A,Tree,7990272,55.744,105.391,0,255,0.218603922,Don't have any data that was collected on 06/28/21?,,calculated: mean/max,
20210628_110320,2021,NVC,#N/A,#N/A,#N/A,#N/A,#N/A,Tree,7990272,84.31,119.962,0,255,0.330627451,Don't have any data that was collected on 06/28/21?,,calculated: mean/max,
20210628_110322,2021,NVC,#N/A,#N/A,#N/A,#N/A,#N/A,Tree,7990272,36.383,89.185,0,255,0.142678431,Don't have any data that was collected on 06/28/21?,,calculated: mean/max,
20210628_110610,2021,NVC,#N/A,#N/A,#N/A,#N/A,#N/A,Tree,7990272,80.266,118.428,0,255,0.314768627,Don't have any data that was collected on 06/28/21?,,calculated: mean/max,
20210628_110641,2021,NVC,#N/A,#N/A,#N/A,#N/A,#N/A,Tree,7990272,66.776,112.111,0,255,0.261866667,Don't have any data that was collected on 06/28/21?,,calculated: mean/max,
20210628_110658,2021,NVC,#N/A,#N/A,#N/A,#N/A,#N/A,Tree,7990272,58.532,107.236,0,255,0.229537255,Don't have any data that was collected on 06/28/21?,,calculated: mean/max,
20210628_110719,2021,NVC,#N/A,#N/A,#N/A,#N/A,#N/A,Tree,7990272,50.032,101.267,0,255,0.196203922,Don't have any data that was collected on 06/28/21?,,calculated: mean/max,
20210628_113733,2021,NVC,#N/A,#N/A,#N/A,#N/A,#N/A,Tree,7990272,3.683,30.423,0,255,0.014443137,Don't have any data that was collected on 06/28/21?,,calculated: mean/max,
20210628_113856,2021,NVC,#N/A,#N/A,#N/A,#N/A,#N/A,Tree,7990272,20.688,69.624,0,255,0.081129412,Don't have any data that was collected on 06/28/21?,,calculated: mean/max,
20210628_113951,2021,NVC,#N/A,#N/A,#N/A,#N/A,#N/A,Tree,7990272,0,0,0,255,0,Don't have any data that was collected on 06/28/21?,,calculated: mean/max,
20210628_114038,2021,NVC,#N/A,#N/A,#N/A,#N/A,#N/A,Tree,7990272,27.903,79.604,0,255,0.109423529,Don't have any data that was collected on 06/28/21?,,calculated: mean/max,
20210628_115428,2021,NVC,#N/A,#N/A,#N/A,#N/A,#N/A,Tree,7990272,85.532,120.395,0,255,0.335419608,Don't have any data that was collected on 06/28/21?,,calculated: mean/max,
20210628_115537,2021,NVC,#N/A,#N/A,#N/A,#N/A,#N/A,Tree,7990272,67.553,112.528,0,255,0.264913725,Don't have any data that was collected on 06/28/21?,,calculated: mean/max,
20210628_115620,2021,NVC,#N/A,#N/A,#N/A,#N/A,#N/A,Tree,7990272,83.417,119.637,0,255,0.32712549,Don't have any data that was collected on 06/28/21?,,calculated: mean/max,
20210628_115700,2021,NVC,#N/A,#N/A,#N/A,#N/A,#N/A,Tree,7990272,113.009,126.674,0,255,0.443172549,Don't have any data that was collected on 06/28/21?,,calculated: mean/max,
NA,2021,NA,NA,C103,Control,B,S,NA,,NA,NA,NA,NA,,,Could not find photo,,
NA,2021,NA,NA,C108,Control,B,W,NA,,NA,NA,NA,NA,,,Could not find photo,,
NA,2020,NA,NA,C03,C,C,S,NA,,NA,NA,NA,NA,,,Could not find photo,,
NA,2020,NA,NA,C06,C,D,N,NA,,NA,NA,NA,NA,,,Could not find photo,,
NA,2020,NA,NA,T98,T,C,N,NA,,NA,NA,NA,NA,,,Could not find photo,,
